{
  "math": 0.4368421052631579,
  "graphs": 0.4789473684210527,
  "strings": 0.4368421052631579,
  "number theory": 0.6052631578947368,
  "trees": 0.6894736842105262,
  "geometry": 0.6473684210526316,
  "games": 0.6473684210526316,
  "probabilities": 0.31052631578947365
}